run,time_hr,glucose,remote_insulin,insulin,baseline_command,requested_command,delivered_command,disturbance,attack_active,attack_name,blocked,mode,reason
defended_overdose_only,0.166667,277.617183,0.002586648,10.443332,15.925000,15.925000,15.925000,0.000000,0,,0,NORMAL,
defended_overdose_only,0.333333,265.499679,0.008238674,17.354270,16.804464,16.804464,16.804464,0.000000,0,,0,NORMAL,
defended_overdose_only,0.500000,243.845537,0.014259545,19.153227,13.155785,13.155785,13.155785,0.000000,0,,0,NORMAL,
defended_overdose_only,0.666667,219.322361,0.018681903,17.313621,8.686728,8.686728,8.686728,0.000000,0,,0,NORMAL,
defended_overdose_only,0.833333,198.191161,0.021126352,15.151530,7.091207,7.091207,7.091207,0.000000,0,,0,NORMAL,
defended_overdose_only,1.000000,182.585517,0.022482171,14.857231,8.642142,8.642142,8.642142,0.000000,0,,0,NORMAL,
defended_overdose_only,1.166667,171.395093,0.023862837,16.535237,11.473125,11.473125,11.473125,0.000000,0,,0,NORMAL,
defended_overdose_only,1.333333,162.533926,0.025872828,19.159590,13.923009,13.923009,13.923009,0.000000,0,,0,NORMAL,
defended_overdose_only,1.500000,154.448072,0.028518431,21.707619,15.381235,15.381235,15.381235,0.000000,0,,0,NORMAL,
defended_overdose_only,1.666667,146.553552,0.031483026,23.669483,16.016211,16.016211,16.016211,0.000000,0,,0,NORMAL,
defended_overdose_only,1.833333,138.967202,0.034427422,25.031189,16.278151,16.278151,16.278151,0.000000,0,,0,NORMAL,
defended_overdose_only,2.000000,132.024910,0.037150657,26.023603,16.532042,16.532042,16.532042,0.000000,0,,0,NORMAL,
defended_overdose_only,2.166667,125.951369,0.039603059,26.879497,16.919311,16.919311,16.919311,0.000000,0,,0,NORMAL,
defended_overdose_only,2.333333,120.774693,0.041821686,27.720263,17.409779,17.409779,17.409779,0.000000,0,,0,NORMAL,
defended_overdose_only,2.500000,116.389994,0.043861767,28.562710,17.916803,17.916803,17.916803,0.000000,0,,0,NORMAL,
defended_overdose_only,2.666667,112.651180,0.045760051,29.374320,18.375247,18.375247,18.375247,0.000000,0,,0,NORMAL,
defended_overdose_only,2.833333,109.429249,0.047529320,30.119985,18.761654,18.761654,18.761654,0.000000,0,,0,NORMAL,
defended_overdose_only,3.000000,106.630381,0.049168142,30.782091,19.081635,19.081635,19.081635,0.000000,0,,0,NORMAL,
defended_overdose_only,3.166667,104.190502,0.050672046,31.360516,19.351293,19.351293,19.351293,0.000000,0,,0,NORMAL,
defended_overdose_only,3.333333,102.063337,0.052040011,31.864820,19.585321,19.585321,19.585321,0.000000,0,,0,NORMAL,
defended_overdose_only,3.500000,100.211099,0.053276052,32.306953,19.793100,19.793100,19.793100,0.000000,0,,0,NORMAL,
defended_overdose_only,3.666667,98.599884,0.054388052,32.697338,19.979469,19.979469,19.979469,0.000000,0,,0,NORMAL,
defended_overdose_only,3.833333,97.198437,0.055385894,33.043868,20.146825,20.146825,20.146825,0.000000,0,,0,NORMAL,
defended_overdose_only,4.000000,95.978358,0.056279969,33.352374,20.296761,20.296761,20.296761,0.000000,0,,0,NORMAL,
defended_overdose_only,4.166667,94.914501,0.057080349,33.627423,20.430847,20.430847,20.430847,0.000000,0,,0,NORMAL,
defended_overdose_only,4.333333,93.985058,0.057796452,33.872900,20.550781,20.550781,20.550781,0.000000,0,,0,NORMAL,
defended_overdose_only,4.500000,93.171347,0.058436977,34.092292,20.658291,20.658291,20.658291,0.000000,0,,0,NORMAL,
defended_overdose_only,4.666667,92.457419,0.059009927,34.288776,20.754992,20.754992,20.754992,0.000000,0,,0,NORMAL,
defended_overdose_only,4.833333,91.829645,0.059522646,34.465211,20.842311,20.842311,20.842311,0.000000,0,,0,NORMAL,
defended_overdose_only,5.000000,91.276344,0.059981838,34.624134,20.921468,20.921468,20.921468,0.000000,0,,0,NORMAL,
defended_overdose_only,5.166667,90.787476,0.060393584,34.767759,20.993495,20.993495,20.993495,0.000000,0,,0,NORMAL,
defended_overdose_only,5.333333,90.354401,0.060763363,34.898007,21.059270,21.059270,21.059270,0.000000,0,,0,NORMAL,
defended_overdose_only,5.500000,89.969675,0.061096078,35.016531,21.119541,21.119541,21.119541,0.000000,0,,0,NORMAL,
defended_overdose_only,5.666667,89.626887,0.061396090,35.124760,21.174958,21.174958,21.174958,0.000000,0,,0,NORMAL,
defended_overdose_only,5.833333,89.320518,0.061667263,35.223930,21.226081,21.226081,21.226081,0.000000,0,,0,NORMAL,
defended_overdose_only,6.000000,89.929102,0.058457635,21.364394,21.273396,120.000000,0.000000,0.000000,1,overdose_spike,1,FAIL_SAFE,MAX_INSULIN_PER_INJECTION|MAX_INSULIN_PER_TIME_WINDOW|GLUCOSE_INSULIN_CONSISTENCY|SUDDEN_INSULIN_SPIKE
defended_overdose_only,6.166667,93.704213,0.051314389,12.958161,21.834639,120.000000,0.000000,0.000000,1,overdose_spike,1,FAIL_SAFE,MAX_INSULIN_PER_INJECTION|MAX_INSULIN_PER_TIME_WINDOW|GLUCOSE_INSULIN_CONSISTENCY
defended_overdose_only,6.333333,99.476737,0.046933014,23.464762,23.796376,23.796376,23.796376,0.000000,0,,0,NORMAL,
defended_overdose_only,6.500000,103.103724,0.047472110,30.873255,25.376043,25.376043,25.376043,0.000000,0,,0,NORMAL,
defended_overdose_only,6.666667,103.341678,0.050304186,34.962608,24.759792,24.759792,24.759792,0.000000,0,,0,NORMAL,
defended_overdose_only,6.833333,101.177135,0.053591675,36.474053,23.282363,23.282363,23.282363,0.000000,0,,0,NORMAL,
defended_overdose_only,7.000000,98.130032,0.056392511,36.621137,22.108719,22.108719,22.108719,0.000000,0,,0,NORMAL,
defended_overdose_only,7.166667,95.254288,0.058470205,36.379228,21.603796,21.603796,21.603796,0.000000,0,,0,NORMAL,
defended_overdose_only,7.333333,92.958816,0.059953380,36.235582,21.608492,21.608492,21.608492,0.000000,0,,0,NORMAL,
defended_overdose_only,7.500000,91.243251,0.061057995,36.295763,21.833119,21.833119,21.833119,0.000000,0,,0,NORMAL,
defended_overdose_only,7.666667,89.959060,0.061950297,36.492945,22.078141,22.078141,22.078141,0.000000,0,,0,NORMAL,
defended_overdose_only,7.833333,88.957588,0.062719713,36.734107,22.263515,22.263515,22.263515,0.000000,0,,0,NORMAL,
defended_overdose_only,8.000000,88.138511,0.063400716,36.958129,22.382074,22.382074,22.382074,0.000000,0,,0,NORMAL,
defended_overdose_only,8.166667,87.447256,0.064001592,37.140701,22.453282,22.453282,22.453282,0.000000,0,,0,NORMAL,
defended_overdose_only,8.333333,125.901107,0.064523660,37.280676,22.497868,22.497868,22.497868,6.000000,0,,0,NORMAL,
defended_overdose_only,8.500000,137.321305,0.068683870,52.381730,45.395950,45.395950,45.395950,5.707377,0,,0,NORMAL,
defended_overdose_only,8.666667,136.732277,0.069592888,31.771126,33.180818,33.180818,0.000000,5.429025,0,,1,FAIL_SAFE,MAX_INSULIN_PER_TIME_WINDOW
defended_overdose_only,8.833333,136.404632,0.067747475,37.429086,27.690480,27.690480,27.690480,5.164248,0,,0,NORMAL,
defended_overdose_only,9.000000,134.900808,0.068401852,41.325449,28.399002,28.399002,28.399002,4.912385,0,,0,NORMAL,
defended_overdose_only,9.166667,131.593970,0.070204470,43.612716,28.283117,28.283117,28.283117,4.672805,0,,0,NORMAL,
defended_overdose_only,9.333333,127.262211,0.072245184,44.608774,27.686515,27.686515,27.686515,4.444909,0,,0,NORMAL,
defended_overdose_only,9.500000,124.317080,0.069624824,27.056590,27.359791,27.359791,0.000000,4.228129,0,,1,FAIL_SAFE,MAX_INSULIN_PER_TIME_WINDOW
defended_overdose_only,9.666667,125.162180,0.066264797,34.976627,28.311191,28.311191,28.311191,4.021920,0,,0,NORMAL,
defended_overdose_only,9.833333,124.975601,0.066830615,41.379164,30.749183,30.749183,30.749183,3.825769,0,,0,NORMAL,
defended_overdose_only,10.000000,122.196595,0.069429080,45.218795,30.682539,30.682539,30.682539,3.639184,0,,0,NORMAL,
defended_overdose_only,10.166667,117.724649,0.072522107,46.847829,29.615386,29.615386,29.615386,3.461699,0,,0,NORMAL,
defended_overdose_only,10.333333,112.880609,0.075279780,47.321433,28.830895,28.830895,28.830895,3.292870,0,,0,NORMAL,
defended_overdose_only,10.500000,108.470159,0.077485612,47.476651,28.629550,28.629550,28.629550,3.132275,0,,0,NORMAL,
defended_overdose_only,10.666667,106.090218,0.074549735,28.796045,28.813167,28.813167,0.000000,2.979512,0,,1,FAIL_SAFE,MAX_INSULIN_PER_TIME_WINDOW
defended_overdose_only,10.833333,107.335309,0.070827962,37.084065,29.916000,29.916000,29.916000,2.834199,0,,0,NORMAL,
defended_overdose_only,11.000000,107.707327,0.071204034,43.537167,32.090752,32.090752,32.090752,2.695974,0,,0,NORMAL,
defended_overdose_only,11.166667,107.384028,0.068475248,26.406627,31.941683,31.941683,0.000000,2.564490,0,,1,FAIL_SAFE,MAX_INSULIN_PER_TIME_WINDOW
defended_overdose_only,11.333333,109.115506,0.065748837,36.889819,31.829759,31.829759,31.829759,2.439418,0,,0,NORMAL,
defended_overdose_only,11.500000,108.946407,0.067503466,44.191315,33.267917,33.267917,33.267917,2.320446,0,,0,NORMAL,
defended_overdose_only,11.666667,106.039246,0.071202547,48.167175,32.577565,32.577565,32.577565,2.207277,0,,0,NORMAL,
defended_overdose_only,11.833333,103.133802,0.070052857,29.214869,31.239538,31.239538,0.000000,2.099626,0,,1,FAIL_SAFE,MAX_INSULIN_PER_TIME_WINDOW
defended_overdose_only,12.000000,103.340533,0.067800223,38.211979,31.248584,31.248584,31.248584,1.997227,0,,0,NORMAL,
defended_overdose_only,12.166667,102.661856,0.069463257,44.847430,33.045564,33.045564,33.045564,1.899821,0,,0,NORMAL,
defended_overdose_only,12.333333,101.468894,0.067610885,27.201342,32.757865,32.757865,0.000000,1.807165,0,,1,FAIL_SAFE,MAX_INSULIN_PER_TIME_WINDOW
defended_overdose_only,12.500000,102.514936,0.065495082,37.881733,32.607296,32.607296,32.607296,1.719029,0,,0,NORMAL,
defended_overdose_only,12.666667,101.944397,0.067771634,45.281761,34.013317,34.013317,34.013317,1.635191,0,,0,NORMAL,
defended_overdose_only,12.833333,98.935028,0.071902835,49.339250,33.356308,33.356308,33.356308,1.555442,0,,0,NORMAL,
defended_overdose_only,13.000000,96.076915,0.070979957,29.925769,32.079057,32.079057,0.000000,1.479582,0,,1,FAIL_SAFE,MAX_INSULIN_PER_TIME_WINDOW
defended_overdose_only,13.166667,96.274087,0.068876673,39.191310,32.084453,32.084453,32.084453,1.407422,0,,0,NORMAL,
defended_overdose_only,13.333333,106.234625,0.070725567,45.916267,33.769649,33.769649,33.769649,3.000000,0,,0,NORMAL,
defended_overdose_only,13.500000,108.592636,0.068926092,27.849624,39.635361,39.635361,0.000000,2.853688,0,,1,FAIL_SAFE,MAX_INSULIN_PER_TIME_WINDOW
defended_overdose_only,13.666667,110.635912,0.067297428,40.659819,36.243996,36.243996,36.243996,2.714512,0,,0,NORMAL,
defended_overdose_only,13.833333,109.528350,0.070484773,48.615501,36.527484,36.527484,36.527484,2.582124,0,,0,NORMAL,
defended_overdose_only,14.000000,105.320910,0.075374105,52.536288,35.148096,35.148096,35.148096,2.456192,0,,0,NORMAL,
defended_overdose_only,14.166667,101.434071,0.074684596,31.864870,33.528314,33.528314,0.000000,2.336402,0,,1,FAIL_SAFE,MAX_INSULIN_PER_TIME_WINDOW
defended_overdose_only,14.333333,101.098990,0.072575871,41.367565,33.609549,33.609549,33.609549,2.222455,0,,0,NORMAL,
defended_overdose_only,14.500000,100.006550,0.074545265,48.412936,35.564001,35.564001,35.564001,2.114064,0,,0,NORMAL,
defended_overdose_only,14.666667,98.543825,0.072654353,29.363931,35.280898,35.280898,0.000000,2.010960,0,,1,FAIL_SAFE,MAX_INSULIN_PER_TIME_WINDOW
defended_overdose_only,14.833333,99.462414,0.070444144,40.860800,35.149894,35.149894,35.149894,1.912884,0,,0,NORMAL,
defended_overdose_only,15.000000,98.723690,0.072932408,48.773879,36.583107,36.583107,36.583107,1.819592,0,,0,NORMAL,
defended_overdose_only,15.166667,95.558958,0.077386656,53.096724,35.856219,35.856219,35.856219,1.730849,0,,0,NORMAL,
defended_overdose_only,15.333333,92.657007,0.076391522,32.204792,34.535168,34.535168,0.000000,1.646435,0,,1,FAIL_SAFE,MAX_INSULIN_PER_TIME_WINDOW
defended_overdose_only,15.500000,92.880978,0.074130786,42.192965,34.553805,34.553805,34.553805,1.566137,0,,0,NORMAL,
defended_overdose_only,15.666667,92.237740,0.076107147,49.354836,36.236892,36.236892,36.236892,1.489756,0,,0,NORMAL,
defended_overdose_only,15.833333,91.181734,0.074151911,29.935222,35.839232,35.839232,0.000000,1.417100,0,,1,FAIL_SAFE,MAX_INSULIN_PER_TIME_WINDOW
defended_overdose_only,16.000000,92.331856,0.071844769,41.521755,35.629398,35.629398,35.629398,1.347987,0,,0,NORMAL,
defended_overdose_only,16.166667,91.925361,0.074265377,49.387390,36.907332,36.907332,36.907332,1.282245,0,,0,NORMAL,
defended_overdose_only,16.333333,89.258294,0.078651628,53.677979,36.175139,36.175139,36.175139,1.219709,0,,0,NORMAL,
defended_overdose_only,16.500000,86.839621,0.077542479,32.557341,34.898796,34.898796,0.000000,1.160223,0,,1,FAIL_SAFE,MAX_INSULIN_PER_TIME_WINDOW|GLUCOSE_INSULIN_CONSISTENCY
defended_overdose_only,16.666667,88.721793,0.069505415,19.747026,34.876142,34.876142,0.000000,1.103638,0,,1,FAIL_SAFE,GLUCOSE_INSULIN_CONSISTENCY
defended_overdose_only,16.833333,94.666950,0.059083961,11.977177,37.218940,37.218940,0.000000,1.049813,0,,1,FAIL_SAFE,GLUCOSE_INSULIN_CONSISTENCY
defended_overdose_only,17.000000,101.697959,0.055049180,33.361791,39.795627,39.795627,39.795627,0.998613,0,,0,NORMAL,
defended_overdose_only,17.166667,103.459670,0.059502381,47.141613,41.029877,41.029877,41.029877,0.949910,0,,0,NORMAL,
defended_overdose_only,17.333333,99.388504,0.067178742,53.980021,38.712833,38.712833,38.712833,0.903583,0,,0,NORMAL,
defended_overdose_only,17.500000,92.618155,0.074795710,56.123074,35.655947,35.655947,35.655947,0.859514,0,,0,NORMAL,
defended_overdose_only,17.666667,87.377367,0.075471970,34.040366,33.910513,33.910513,0.000000,0.817595,0,,1,FAIL_SAFE,MAX_INSULIN_PER_TIME_WINDOW
defended_overdose_only,17.833333,87.646196,0.068451610,20.646526,34.342293,34.342293,0.000000,0.777721,0,,1,FAIL_SAFE,MAX_INSULIN_PER_TIME_WINDOW|GLUCOSE_INSULIN_CONSISTENCY
defended_overdose_only,18.000000,92.620774,0.058596957,12.522752,37.168830,37.168830,0.000000,0.739791,0,,1,FAIL_SAFE,MAX_INSULIN_PER_TIME_WINDOW|GLUCOSE_INSULIN_CONSISTENCY
defended_overdose_only,18.166667,99.011649,0.054897969,33.812070,39.977657,39.977657,39.977657,0.703711,0,,0,NORMAL,
defended_overdose_only,18.333333,100.447287,0.059586276,47.593372,41.302301,41.302301,41.302301,0.669390,0,,0,NORMAL,
defended_overdose_only,18.500000,96.328255,0.067456513,54.498464,39.085575,39.085575,39.085575,0.636744,0,,0,NORMAL,
defended_overdose_only,18.666667,89.670915,0.075258676,56.748304,36.129852,36.129852,36.129852,0.605690,0,,0,NORMAL,
defended_overdose_only,18.833333,84.563716,0.076033860,34.419587,34.439025,34.439025,0.000000,0.576150,0,,1,FAIL_SAFE,MAX_INSULIN_PER_TIME_WINDOW|GLUCOSE_INSULIN_CONSISTENCY
defended_overdose_only,19.000000,84.868656,0.069004125,20.876535,34.857702,34.857702,0.000000,0.548051,0,,1,FAIL_SAFE,MAX_INSULIN_PER_TIME_WINDOW|GLUCOSE_INSULIN_CONSISTENCY
defended_overdose_only,19.166667,89.780453,0.059091533,12.662259,37.605233,37.605233,0.000000,0.521322,0,,1,FAIL_SAFE,MAX_INSULIN_PER_TIME_WINDOW|GLUCOSE_INSULIN_CONSISTENCY
defended_overdose_only,19.333333,142.535302,0.048824600,7.680049,40.326688,40.326688,0.000000,7.000000,0,,1,FAIL_SAFE,GLUCOSE_INSULIN_CONSISTENCY
defended_overdose_only,19.500000,174.155601,0.039392843,4.658185,68.803669,68.803669,0.000000,6.658606,0,,1,FAIL_SAFE,MAX_INSULIN_PER_INJECTION|SUDDEN_INSULIN_SPIKE
defended_overdose_only,19.666667,193.051798,0.041232459,43.093920,61.405426,61.405426,61.405426,6.333862,0,,0,NORMAL,
defended_overdose_only,19.833333,187.222574,0.055101734,63.894981,57.575817,57.575817,57.575817,6.024956,0,,0,NORMAL,
defended_overdose_only,20.000000,163.737335,0.070743937,68.853853,45.898756,45.898756,45.898756,5.731115,0,,0,NORMAL,
defended_overdose_only,20.166667,141.627152,0.076761133,41.761974,36.274760,36.274760,0.000000,5.451605,0,,1,FAIL_SAFE,MAX_INSULIN_PER_TIME_WINDOW
defended_overdose_only,20.333333,132.888124,0.072055489,25.329918,36.080725,36.080725,0.000000,5.185728,0,,1,FAIL_SAFE,MAX_INSULIN_PER_TIME_WINDOW
defended_overdose_only,20.500000,134.588088,0.062908289,15.363373,42.766750,42.766750,0.000000,4.932817,0,,1,FAIL_SAFE,MAX_INSULIN_PER_TIME_WINDOW
defended_overdose_only,20.666667,142.644635,0.052620355,9.318357,48.725527,48.725527,0.000000,4.692240,0,,1,FAIL_SAFE,MAX_INSULIN_PER_TIME_WINDOW
defended_overdose_only,20.833333,150.822189,0.051445932,40.517006,53.165724,53.165724,53.165724,4.463397,0,,0,NORMAL,
defended_overdose_only,21.000000,146.990095,0.061427030,60.358918,54.567066,54.567066,54.567066,4.245715,0,,0,NORMAL,
defended_overdose_only,21.166667,132.392032,0.074801077,68.722649,48.969175,48.969175,48.969175,4.038649,0,,0,NORMAL,
defended_overdose_only,21.333333,117.933201,0.079772186,41.682394,43.074169,43.074169,0.000000,3.841681,0,,1,FAIL_SAFE,MAX_INSULIN_PER_TIME_WINDOW
defended_overdose_only,21.500000,113.104373,0.074296243,25.281651,42.516445,42.516445,0.000000,3.654320,0,,1,FAIL_SAFE,MAX_INSULIN_PER_TIME_WINDOW
defended_overdose_only,21.666667,116.225057,0.064579541,15.334097,47.359832,47.359832,0.000000,3.476097,0,,1,FAIL_SAFE,MAX_INSULIN_PER_TIME_WINDOW
defended_overdose_only,21.833333,124.408027,0.053869140,9.300600,51.949127,51.949127,0.000000,3.306566,0,,1,FAIL_SAFE,MAX_INSULIN_PER_TIME_WINDOW
defended_overdose_only,22.000000,132.385191,0.052764971,42.058711,55.533087,55.533087,55.533087,3.145303,0,,0,NORMAL,
defended_overdose_only,22.166667,129.278851,0.063266755,62.588211,56.540589,56.540589,56.540589,2.991905,0,,0,NORMAL,
defended_overdose_only,22.333333,116.392832,0.077317935,71.572899,51.253646,51.253646,51.253646,2.845988,0,,0,NORMAL,
defended_overdose_only,22.500000,103.693167,0.082639725,43.411158,45.788916,45.788916,0.000000,2.707187,0,,1,FAIL_SAFE,MAX_INSULIN_PER_TIME_WINDOW
defended_overdose_only,22.666667,99.754586,0.077045511,26.330199,45.211949,45.211949,0.000000,2.575156,0,,1,FAIL_SAFE,MAX_INSULIN_PER_TIME_WINDOW
defended_overdose_only,22.833333,102.978732,0.067007788,15.970074,49.523972,49.523972,0.000000,2.449564,0,,1,FAIL_SAFE,MAX_INSULIN_PER_TIME_WINDOW
defended_overdose_only,23.000000,110.772430,0.055914922,9.686340,53.569428,53.569428,0.000000,2.330098,0,,1,FAIL_SAFE,MAX_INSULIN_PER_TIME_WINDOW
defended_overdose_only,23.166667,118.402183,0.054629937,43.070191,56.718719,56.718719,56.718719,2.216457,0,,0,NORMAL,
defended_overdose_only,23.333333,116.024003,0.065181876,63.870128,57.559867,57.559867,57.559867,2.108359,0,,0,NORMAL,
defended_overdose_only,23.500000,104.802647,0.079434256,73.306352,52.711342,52.711342,52.711342,2.005534,0,,0,NORMAL,
defended_overdose_only,23.666667,93.717381,0.084824782,44.462551,47.699917,47.699917,0.000000,1.907723,0,,1,FAIL_SAFE,MAX_INSULIN_PER_TIME_WINDOW
defended_overdose_only,23.833333,90.589748,0.079049771,26.967901,47.094241,47.094241,0.000000,1.814682,0,,1,FAIL_SAFE,MAX_INSULIN_PER_TIME_WINDOW
defended_overdose_only,24.000000,93.968035,0.068734816,16.356859,50.951167,50.951167,0.000000,1.726179,0,,1,FAIL_SAFE,MAX_INSULIN_PER_TIME_WINDOW
